,1_female,1_male,5_female,5_male,15_female,15_male
BERT,0.017341040462427744,0.013227513227513227,0.03236994219653179,0.03015873015873016,0.042967244701348745,0.032980599647266316
RoBERTa,0.057803468208092484,0.013227513227513227,0.055491329479768786,0.049206349206349205,0.051252408477842,0.04620811287477954
hateBERT,0.02601156069364162,0.037037037037037035,0.06242774566473988,0.06084656084656084,0.07495183044315992,0.06190476190476191
GPT2,0.04046242774566474,0.042328042328042326,0.03410404624277456,0.037037037037037035,0.044701348747591525,0.031216931216931216
xlnet,0.011560693641618497,0.013227513227513227,0.009826589595375723,0.015343915343915344,0.01348747591522158,0.009876543209876543
