,1_female,1_male,5_female,5_male,15_female,15_male
BERT_Ro,0.03579952267303103,0.030952380952380953,0.03198090692124105,0.037142857142857144,0.024821002386634844,0.051904761904761905
GPT2_pt,0.007159904534606206,0.014285714285714285,0.010501193317422435,0.017142857142857144,0.0076372315035799524,0.014603174603174604
